"LASTNAME","PUB_"DATE","SECTION_NAME","WORD_COUNT","SOURCE","URL"
"UNKNOWN AUTHOR","2014-03-07T22:49:28Z","World","125","Reuters","http://www.nytimes.com/reuters/2014/03/07/world/07reuters-malaysia-airlines-conference.html"
""UNKNOWN AUTHOR","2014-03-08T00:18:53Z","U.S.","624","AP","http://www.nytimes.com/aponline/2014/03/08/us/ap-us-boeing-777-profile.html"
""UNKNOWN AUTHOR","2014-03-08T22:34:07Z","U.S.","904","Reuters","http://www.nytimes.com/reuters/2014/03/08/us/08reuters-malaysiaairlines-mystery.html"
""UNKNOWN AUTHOR","2014-03-09T09:02:00Z","World","483","Reuters","http://www.nytimes.com/reuters/2014/03/09/world/europe/09reuters-malaysia-crash-interpol.html"
""UNKNOWN AUTHOR","2014-03-10T03:00:46Z","World","355","AP","http://www.nytimes.com/aponline/2014/03/10/world/asia/ap-as-malaysia-plane-.html"
""TATLOW","2014-03-10T04:19:49Z","World","992","The New York Times","http://sinosphere.blogs.nytimes.com/2014/03/10/managing-the-discussion-of-the-missing-malaysian-jet/"
""SCHMITT","2014-03-11T00:00:00Z","World","1162","The New York Times","http://www.nytimes.com/2014/03/11/world/asia/missing-malaysian-airliner-said-to-highlight-a-security-gap.html"
""UNKNOWN AUTHOR","2014-03-11T06:46:04Z","World","324","Reuters","http://www.nytimes.com/reuters/2014/03/11/world/europe/11reuters-malaysia-airlines-interpol.html"
""UNKNOWN AUTHOR","2014-03-11T11:47:27Z","Arts","222","AP","http://www.nytimes.com/aponline/2014/03/11/arts/ap-as-hong-kong-malaysia-stunt-man.html"
""ERDBRINK","2014-03-11T13:57:59Z","UNKNOWN SECTION NAME","484","The New York Times","http://thelede.blogs.nytimes.com/2014/03/11/iranian-lawmaker-dismisses-blame-attached-to-flight-370/"
""FULLER","2014-03-12T00:00:00Z","World","1000","The New York Times","http://www.nytimes.com/2014/03/12/world/asia/malaysia-flight.html"
""FULLER","2014-03-12T00:00:00Z","World","1340","The New York Times","http://www.nytimes.com/2014/03/12/world/asia/malaysia-jet.html"
""FORSYTHE","2014-03-13T00:00:00Z","World","1113","The New York Times","http://www.nytimes.com/2014/03/13/world/asia/missing-malaysia-airlines-flight-370.html"
""WALD","2014-03-13T00:00:00Z","World","424","The New York Times","http://www.nytimes.com/2014/03/13/world/asia/malaysia-plane-transponder.html"
""WONG","2014-03-13T00:00:00Z","World","1105","The New York Times","http://www.nytimes.com/2014/03/13/world/asia/in-beijing-families-of-those-on-lost-plane-press-for-action-and-answers.html"
""ECKHOLM","2014-03-13T00:00:00Z","World","973","The New York Times","http://www.nytimes.com/2014/03/13/world/asia/online-and-onscreen-disappeared-malaysian-flight-draws-intense-speculation.html"
""UNKNOWN AUTHOR","2014-03-13T00:00:00Z","Opinion","314","The New York Times","http://www.nytimes.com/2014/03/13/opinion/welcomed-aboard-as-someone-else.html"
""FULLER","2014-03-13T00:00:00Z","World","882","The New York Times","http://www.nytimes.com/2014/03/13/world/asia/missing-jet-exposes-a-dysfunctional-malaysian-elite.html"
""UNKNOWN AUTHOR","2014-03-13T01:10:24Z","World","1001","Reuters","http://www.nytimes.com/reuters/2014/03/13/world/asia/13reuters-malaysiaairlines-flight.html"
""UNKNOWN AUTHOR","2014-03-13T01:29:54Z","U.S.","410","Reuters","http://www.nytimes.com/reuters/2014/03/13/us/13reuters-malaysia-airlines-usa-investigators.html"
""UNKNOWN AUTHOR","2014-03-13T15:31:37Z","U.S.","923","AP","http://www.nytimes.com/aponline/2014/03/13/us/ap-us-malaysia-plane-armchair-sleuths.html"
""UNKNOWN AUTHOR","2014-03-13T17:36:07Z","U.S.","923","AP","http://www.nytimes.com/aponline/2014/03/13/us/ap-us-travel-malaysia-plane-armchair-sleuths.html"
""UNKNOWN AUTHOR","2014-03-13T22:17:19Z","U.S.","393","AP","http://www.nytimes.com/aponline/2014/03/13/us/ap-us-malaysia-plane-other-disappearances.html"
""WALD","2014-03-14T00:00:00Z","World","1115","The New York Times","http://www.nytimes.com/2014/03/14/world/asia/missing-malaysia-airlines-flight-370.html"
""WALD","2014-03-14T00:00:00Z","World","907","The New York Times","http://www.nytimes.com/2014/03/14/world/asia/us-takes-back-seat-in-malaysia-jet-inquiry.html"
""UNKNOWN AUTHOR","2014-03-14T12:09:36Z","U.S.","650","AP","http://www.nytimes.com/aponline/2014/03/14/us/politics/ap-us-malaysia-plane-piracy.html"
""UNKNOWN AUTHOR","2014-03-14T16:10:39Z","U.S.","856","AP","http://www.nytimes.com/aponline/2014/03/14/us/ap-malaysia-plane-the-theories.html"
""HARRIS","2014-03-15T00:00:00Z","World","601","The New York Times","http://www.nytimes.com/2014/03/15/world/asia/india-expands-its-efforts-in-search-for-missing-jet.html"
""WONG","2014-03-15T00:00:00Z","World","866","The New York Times","http://www.nytimes.com/2014/03/15/world/asia/more-than-200-detained-in-raid-on-thai-jungle-camp.html"
""FORSYTHE","2014-03-15T00:00:00Z","World","1292","The New York Times","http://www.nytimes.com/2014/03/15/world/asia/malaysia-military-radar.html"
""CAREY","2014-03-15T00:00:00Z","Science","857","The New York Times","http://www.nytimes.com/2014/03/15/science/earth/us-navy-strategists-have-a-long-history-of-finding-the-lost.html"
""UNKNOWN AUTHOR","2014-03-15T04:31:24Z","World","1255","AP","http://www.nytimes.com/aponline/2014/03/15/world/asia/ap-as-malaysia-plane.html"
""SCHMEMANN","2014-03-16T00:00:00Z","Opinion","1137","The New York Times","http://www.nytimes.com/2014/03/16/opinion/sunday/a-mystery-a-murder-case-and-an-injustice.html"
""BRADSHER","2014-03-16T00:00:00Z","World","1868","The New York Times","http://www.nytimes.com/2014/03/16/world/asia/malaysia-airlines-flight.html"
""WALD","2014-03-16T00:00:00Z","World","430","The New York Times","http://www.nytimes.com/2014/03/16/world/asia/investigators-in-jet-search-rely-on-an-imperfect-tool.html"
""SEMPLE","2014-03-16T00:00:00Z","World","978","The New York Times","http://www.nytimes.com/2014/03/16/world/asia/pilot-and-first-officer-newly-scrutinized-in-planes-disappearance.html"
""BRADSHER","2014-03-16T00:00:00Z","World","1382","The New York Times","http://www.nytimes.com/2014/03/16/world/asia/series-of-errors-by-malaysia-mounts-complicating-the-task-of-finding-flight-370.html"
""UNKNOWN AUTHOR","2014-03-16T00:00:00Z","Corrections","32","The New York Times","http://www.nytimes.com/2014/03/16/pageoneplus/quotation-of-the-day-for-sunday-march-16-2014.html"
""UNKNOWN AUTHOR","2014-03-16T01:54:07Z","World","1354","AP","http://www.nytimes.com/aponline/2014/03/16/world/asia/ap-as-malaysia-plane.html"
""RAMZY","2014-03-16T23:41:34Z","World","311","The New York Times","http://sinosphere.blogs.nytimes.com/2014/03/16/chinese-news-agency-slams-delays-in-search-for-jet/"
""BUCKLEY","2014-03-17T00:00:00Z","World","1671","The New York Times","http://www.nytimes.com/2014/03/17/world/asia/malaysia-airlines-flight.html"
""HARRIS","2014-03-17T00:00:00Z","World","504","The New York Times","http://www.nytimes.com/2014/03/17/world/asia/india-flight-370-missing-airplane.html"
""SCHMIDT","2014-03-17T00:00:00Z","World","1053","The New York Times","http://www.nytimes.com/2014/03/17/world/asia/as-us-looks-for-terror-links-in-plane-case-malaysia-rejects-extensive-help.html"
""UNKNOWN AUTHOR","2014-03-17T07:29:50Z","U.S.","607","AP","http://www.nytimes.com/aponline/2014/03/17/us/ap-as-malaysia-plane-news-guide.html"
""UNKNOWN AUTHOR","2014-03-17T09:31:47Z","U.S.","159","AP","http://www.nytimes.com/aponline/2014/03/17/us/ap-as-malaysia-plane-timeline.html"
""UNKNOWN AUTHOR","2014-03-17T13:36:08Z","World","1070","AP","http://www.nytimes.com/aponline/2014/03/17/world/asia/ap-as-malaysia-taciturn-government.html"
""WALD","2014-03-18T00:00:00Z","World","1020","The New York Times","http://www.nytimes.com/2014/03/18/world/asia/malaysia-airlines-flight.html"
""EASTERBROOK","2014-03-18T00:00:00Z","Opinion","838","The New York Times","http://www.nytimes.com/2014/03/18/opinion/out-of-control.html"
""BRADSHER","2014-03-18T00:00:00Z","World","1040","The New York Times","http://www.nytimes.com/2014/03/18/world/asia/questions-over-absence-of-cellphone-calls-from-missing-passengers.html"
""CARTER","2014-03-18T00:00:00Z","Business Day","1193","The New York Times","http://www.nytimes.com/2014/03/18/business/media/cnns-ratings-surge-with-coverage-of-the-mystery-of-the-missing-airliner.html"
""BRADSHER","2014-03-18T00:00:00Z","World","1406","The New York Times","http://www.nytimes.com/2014/03/18/world/asia/malaysia-backtracks-on-when-airliners-communications-were-disabled.html"
""SEMPLE","2014-03-18T00:00:00Z","World","950","The New York Times","http://www.nytimes.com/2014/03/18/world/asia/pilots-possible-role-in-flight-370-vanishing-unthinkable-to-friends.html"
""WONG","2014-03-18T00:00:00Z","World","1226","The New York Times","http://www.nytimes.com/2014/03/18/world/asia/tension-is-growing-as-families-of-flight-370-passengers-hold-vigil.html"
""UNKNOWN AUTHOR","2014-03-18T03:32:16Z","U.S.","503","AP","http://www.nytimes.com/aponline/2014/03/18/us/politics/ap-us-malaysia-plane-why-shut-off-transponder.html"
""UNKNOWN AUTHOR","2014-03-18T05:11:00Z","World","1135","AP","http://www.nytimes.com/aponline/2014/03/18/world/asia/ap-as-malaysia-plane-chinas-chance-.html"
""UNKNOWN AUTHOR","2014-03-18T05:24:24Z","World","1465","AP","http://www.nytimes.com/aponline/2014/03/18/world/asia/ap-as-malaysia-plane.html"
""UNKNOWN AUTHOR","2014-03-18T07:55:07Z","U.S.","1914","AP","http://www.nytimes.com/aponline/2014/03/18/us/ap-as-malaysia-plane-biographies.html"
""UNKNOWN AUTHOR","2014-03-18T08:48:53Z","World","546","AP","http://www.nytimes.com/aponline/2014/03/18/world/asia/ap-as-malaysia-plane-thailand.html"
""UNKNOWN AUTHOR","2014-03-18T14:25:39Z","World","955","AP","http://www.nytimes.com/aponline/2014/03/18/world/asia/ap-as-malaysia-plane-mystery.html"
""UNKNOWN AUTHOR","2014-03-18T16:11:41Z","U.S.","1047","AP","http://www.nytimes.com/aponline/2014/03/18/us/ap-us-malaysia-plane-media.html"
""UNKNOWN AUTHOR","2014-03-18T17:12:56Z","U.S.","845","AP","http://www.nytimes.com/aponline/2014/03/18/us/ap-as-travel-malaysia-plane-mystery.html"
""UNKNOWN AUTHOR","2014-03-18T17:53:11Z","Business Day","1192","AP","http://www.nytimes.com/aponline/2014/03/18/business/ap-us-business-highlights.html"
""FORSYTHE","2014-03-19T00:00:00Z","World","935","The New York Times","http://www.nytimes.com/2014/03/19/world/asia/experts-see-robust-radar-along-missing-jets-potential-path.html"
""UNKNOWN AUTHOR","2014-03-19T04:17:57Z","World","826","AP","http://www.nytimes.com/aponline/2014/03/19/world/asia/ap-as-malaysia-plane-united-in-despair.html"
""UNKNOWN AUTHOR","2014-03-19T11:18:43Z","Technology","1154","Reuters","http://www.nytimes.com/reuters/2014/03/19/technology/19reuters-malaysia-airlines-radar-tech.html"
""UNKNOWN AUTHOR","2014-03-19T11:19:49Z","Technology","1151","Reuters","http://www.nytimes.com/reuters/2014/03/19/technology/19reuters-malaysia-airlines-radar.html"
""UNKNOWN AUTHOR","2014-03-19T11:48:22Z","U.S.","215","AP","http://www.nytimes.com/aponline/2014/03/19/us/politics/ap-us-malaysia-plane-fbi.html"
""UNKNOWN AUTHOR","2014-03-19T13:42:13Z","U.S.","892","AP","http://www.nytimes.com/aponline/2014/03/19/us/ap-us-malaysia-plane-grasping-at-straws.html"
""Do","2014-03-19T15:59:49Z","World","15","The New York Times","http://www.nytimes.com/video/world/asia/100000002776930/families-of-missing-passengers-speak-out.html"
""UNKNOWN AUTHOR","2014-03-19T17:47:30Z","U.S.","1022","AP","http://www.nytimes.com/aponline/2014/03/19/us/ap-us-malaysia-plane-leading-theories.html"
""UNKNOWN AUTHOR","2014-03-19T20:33:53Z","U.S.","303","AP","http://www.nytimes.com/aponline/2014/03/19/us/politics/ap-us-malaysia-plane-obama.html"
""INNIS","2014-03-20T00:00:00Z","World","1141","The New York Times","http://www.nytimes.com/2014/03/20/world/asia/missing-malaysia-flight.html"
""AW","2014-03-20T00:00:00Z","Opinion","953","The New York Times","http://www.nytimes.com/2014/03/20/opinion/flight-370-saps-malaysias-confidence.html"
""BRADSHER","2014-03-20T00:00:00Z","World","1085","The New York Times","http://www.nytimes.com/2014/03/20/world/asia/malaysia-flights-disappearance-politics.html"
""UNKNOWN AUTHOR","2014-03-20T01:33:10Z","World","1257","AP","http://www.nytimes.com/aponline/2014/03/20/world/asia/ap-as-malaysia-plane.html"
""UNKNOWN AUTHOR","2014-03-20T10:28:00Z","U.S.","266","AP","http://www.nytimes.com/aponline/2014/03/20/us/ap-as-malaysia-plane-news-guide.html"
""UNKNOWN AUTHOR","2014-03-20T15:40:57Z","Technology","1161","Reuters","http://www.nytimes.com/reuters/2014/03/20/technology/20reuters-malaysia-airlines-radar-tech.html"
""INNIS","2014-03-21T00:00:00Z","World","1201","The New York Times","http://www.nytimes.com/2014/03/21/world/asia/missing-malaysia-flight.html"
""CARTER","2014-03-21T00:00:00Z","Business Day","388","The New York Times","http://www.nytimes.com/2014/03/21/business/media/cnns-ratings-continue-to-hinge-on-flight-370-news.html"
""MOUAWAD","2014-03-21T00:00:00Z","Technology","1212","The New York Times","http://www.nytimes.com/2014/03/21/technology/though-high-tech-tools-exist-satellites-dont-track-planes.html"
""IYER","2014-03-21T00:00:00Z","Opinion","652","The New York Times","http://www.nytimes.com/2014/03/21/opinion/the-painful-hunt-for-malaysian-airlines-370.html"
""UNKNOWN AUTHOR","2014-03-21T00:22:47Z","World","1056","AP","http://www.nytimes.com/aponline/2014/03/21/world/asia/ap-as-malaysia-plane.html"
""UNKNOWN AUTHOR","2014-03-21T03:11:46Z","U.S.","684","AP","http://www.nytimes.com/aponline/2014/03/21/us/ap-as-malaysia-plane-search-equipment.html"
""GONCHAR","2014-03-21T05:00:59Z","U.S.","492","The New York Times","http://learning.blogs.nytimes.com/2014/03/21/what-do-you-think-happened-to-malaysia-airlines-flight-370/"
""MACKEY","2014-03-21T18:28:24Z","UNKNOWN SECTION NAME","226","The New York Times","http://thelede.blogs.nytimes.com/2014/03/21/malaysian-opposition-leader-calls-speculation-about-pilot-of-missing-jet-absurd/"
""WALD","2014-03-22T00:00:00Z","World","1530","The New York Times","http://www.nytimes.com/2014/03/11/world/asia/q-and-a-on-the-disappearance-of-malaysia-airlines-flight-mh370.html"
""INNIS","2014-03-22T00:00:00Z","World","905","The New York Times","http://www.nytimes.com/2014/03/22/world/asia/missing-malaysia-flight.html"
""WONG","2014-03-22T00:00:00Z","World","1372","The New York Times","http://www.nytimes.com/2014/03/22/world/asia/as-malaysia-balks-over-missing-flight-china-finds-limits-to-its-powers.html"
""UNKNOWN AUTHOR","2014-03-22T06:13:01Z","World","1039","AP","http://www.nytimes.com/aponline/2014/03/22/world/asia/ap-as-malaysia-plane-china-relatives.html"
""UNKNOWN AUTHOR","2014-03-22T10:33:56Z","World","991","AP","http://www.nytimes.com/aponline/2014/03/22/world/asia/ap-as-plane-ocean-search.html"
""FORSYTHE","2014-03-23T00:00:00Z","World","802","The New York Times","http://www.nytimes.com/2014/03/23/world/asia/chinese-satellite-spots-object-in-search-for-missing-jetliner.html"
""BUCKLEY","2014-03-23T00:00:00Z","World","1013","The New York Times","http://www.nytimes.com/2014/03/23/world/asia/in-a-wired-world-with-abundant-eyes-a-vanished-jet-vexes-and-perplexes.html"
""PAN","2014-03-23T00:00:00Z","World","2646","The New York Times","http://www.nytimes.com/2014/03/23/world/asia/a-routine-flight-till-both-routine-and-flight-vanish.html"
""UNKNOWN AUTHOR","2014-03-23T00:00:00Z","World","156","The New York Times","http://www.nytimes.com/2014/03/23/world/asia/bird-strike-shatters-malaysia-jets-windshields.html"
""HOLCOMB-HOLLAND","2014-03-23T00:00:00Z","Arts","701","The New York Times","http://www.nytimes.com/2014/03/23/arts/television/whats-on-sunday.html"
""UNKNOWN AUTHOR","2014-03-23T00:47:24Z","World","1068","AP","http://www.nytimes.com/aponline/2014/03/23/world/asia/ap-as-malaysia-plane.html"
""UNKNOWN AUTHOR","2014-03-23T06:26:42Z","World","1102","AP","http://www.nytimes.com/aponline/2014/03/23/world/asia/ap-as-malaysia-plane-china-relatives.html"
""UNKNOWN AUTHOR","2014-03-23T13:00:20Z","U.S.","1278","AP","http://www.nytimes.com/aponline/2014/03/23/us/ap-us-malaysia-plane-pilot-mental-health.html"
""FULLER","2014-03-24T00:00:00Z","World","1157","The New York Times","http://www.nytimes.com/2014/03/24/world/asia/malaysia-airlines-flight-370.html"
""UNKNOWN AUTHOR","2014-03-24T00:12:11Z","World","1512","AP","http://www.nytimes.com/aponline/2014/03/24/world/asia/ap-as-malaysia-plane.html"
""UNKNOWN AUTHOR","2014-03-24T03:03:36Z","U.S.","174","AP","http://www.nytimes.com/aponline/2014/03/24/us/ap-quotes.html"
""UNKNOWN AUTHOR","2014-03-24T03:44:25Z","World","975","AP","http://www.nytimes.com/aponline/2014/03/24/world/asia/ap-as-malaysia-minister-in-spotlight.html"
""UNKNOWN AUTHOR","2014-03-24T10:47:20Z","World","749","AP","http://www.nytimes.com/aponline/2014/03/24/world/asia/ap-as-malaysia-plane-families.html"
""UNKNOWN AUTHOR","2014-03-24T12:47:02Z","U.S.","275","AP","http://www.nytimes.com/aponline/2014/03/24/us/ap-as-malaysia-plane-what-we-know.html"
""UNKNOWN AUTHOR","2014-03-24T16:32:28Z","World","752","AP","http://www.nytimes.com/aponline/2014/03/24/world/asia/ap-as-malaysia-plane-black-boxes.html"
""UNKNOWN AUTHOR","2014-03-24T21:01:48Z","U.S.","315","AP","http://www.nytimes.com/aponline/2014/03/24/us/ap-10-things-to-know-tuesday.html"
""COHEN","2014-03-25T00:00:00Z","Opinion","811","The New York Times","http://www.nytimes.com/2014/03/25/opinion/cohen-story-of-the-century.html"
""UNKNOWN AUTHOR","2014-03-25T00:22:19Z","World","955","AP","http://www.nytimes.com/aponline/2014/03/25/world/asia/ap-as-malaysia-plane.html"
""UNKNOWN AUTHOR","2014-03-25T00:33:49Z","World","689","Reuters","http://www.nytimes.com/reuters/2014/03/25/world/asia/25reuters-malaysia-airlines-china.html"
""UNKNOWN AUTHOR","2014-03-25T00:49:29Z","World","1126","AP","http://www.nytimes.com/aponline/2014/03/25/world/asia/ap-as-china-malaysia-plane.html"
""UNKNOWN AUTHOR","2014-03-25T05:54:32Z","World","708","AP","http://www.nytimes.com/aponline/2014/03/25/world/asia/ap-as-malaysia-plane-satellite-data.html"
""UNKNOWN AUTHOR","2014-03-25T07:53:31Z","World","987","AP","http://www.nytimes.com/aponline/2014/03/25/world/asia/ap-as-plane-finding-the-haystack.html"
""UNKNOWN AUTHOR","2014-03-25T10:39:39Z","U.S.","1320","AP","http://www.nytimes.com/aponline/2014/03/25/us/ap-malaysia-plane-enduring-mystery.html"
""UNKNOWN AUTHOR","2014-03-25T20:22:10Z","U.S.","383","Reuters","http://www.nytimes.com/reuters/2014/03/25/us/25reuters-malaysia-airlines-lawsuit.html"
""BRADSHER","2014-03-26T00:00:00Z","World","1112","The New York Times","http://www.nytimes.com/2014/03/26/world/asia/malaysia-flight-370.html"
""UNKNOWN AUTHOR","2014-03-26T01:30:44Z","World","1146","AP","http://www.nytimes.com/aponline/2014/03/26/world/asia/ap-as-malaysia-plane.html"
""UNKNOWN AUTHOR","2014-03-26T08:59:33Z","World","865","AP","http://www.nytimes.com/aponline/2014/03/26/world/asia/ap-as-malaysia-plane-relatives.html"
""BRADSHER","2014-03-27T00:00:00Z","World","955","The New York Times","http://www.nytimes.com/2014/03/27/world/asia/missing-malaysia-airlines-flight-370.html"
""WONG","2014-03-27T00:00:00Z","World","1194","The New York Times","http://www.nytimes.com/2014/03/27/world/asia/geopolitical-rivalries-jet.html"
""BRADSHER","2014-03-28T00:00:00Z","World","1413","The New York Times","http://www.nytimes.com/2014/03/28/world/asia/missing-malaysia-airlines-flight-370.html"
""BRADSHER","2014-03-28T00:00:00Z","World","977","The New York Times","http://www.nytimes.com/2014/03/28/world/asia/chinas-missing-flight-malaysian-backlash.html"
""UNKNOWN AUTHOR","2014-03-28T00:34:52Z","World","1143","AP","http://www.nytimes.com/aponline/2014/03/28/world/asia/ap-as-malaysia-plane.html"
""UNKNOWN AUTHOR","2014-03-28T03:02:13Z","U.S.","1464","AP","http://www.nytimes.com/aponline/2014/03/28/us/ap-us-malaysia-plane-limits-of-technology.html"
""UNKNOWN AUTHOR","2014-03-28T05:58:19Z","Arts","352","AP","http://www.nytimes.com/aponline/2014/03/28/arts/ap-as-macau-asian-film-awards.html"
""UNKNOWN AUTHOR","2014-03-28T12:18:44Z","U.S.","762","AP","http://www.nytimes.com/aponline/2014/03/28/us/ap-us-malaysia-plane-savidge.html"
""UNKNOWN AUTHOR","2014-03-28T18:19:39Z","U.S.","532","AP","http://www.nytimes.com/aponline/2014/03/28/us/politics/ap-us-malaysia-plane-black-boxes.html"
""FULLER","2014-03-29T00:00:00Z","World","928","The New York Times","http://www.nytimes.com/2014/03/29/world/asia/missing-malaysia-airlines-flight-370.html"
""UNKNOWN AUTHOR","2014-03-29T00:01:00Z","U.S.","624","AP","http://www.nytimes.com/aponline/2014/03/29/us/ap-10-things-to-know-the-week-1st-ld-writethru.html"
""UNKNOWN AUTHOR","2014-03-29T00:03:03Z","World","914","AP","http://www.nytimes.com/aponline/2014/03/29/world/asia/ap-as-malaysia-plane.html"
""UNKNOWN AUTHOR","2014-03-29T00:18:26Z","World","255","AP","http://www.nytimes.com/aponline/2014/03/29/world/asia/ap-as-malaysia-plane-interpol.html"
""UNKNOWN AUTHOR","2014-03-29T03:17:49Z","World","89","AP","http://www.nytimes.com/aponline/2014/03/29/world/asia/ap-as-china-malaysia-plane.html"
""UNKNOWN AUTHOR","2014-03-29T03:58:33Z","U.S.","431","AP","http://www.nytimes.com/aponline/2014/03/29/us/ap-as-malaysia-plane-news-guide.html"
""UNKNOWN AUTHOR","2014-03-29T09:56:19Z","World","1485","AP","http://www.nytimes.com/aponline/2014/03/29/world/asia/ap-as-malaysia-plane-the-final-day.html"
""UNKNOWN AUTHOR","2014-03-29T09:58:29Z","U.S.","969","AP","http://www.nytimes.com/aponline/2014/03/29/us/ap-as-malaysia-plane-profiles.html"
""SEMPLE","2014-03-30T00:00:00Z","World","1067","The New York Times","http://www.nytimes.com/2014/03/30/world/asia/malaysia-airlines-flight-370.html"
""UNKNOWN AUTHOR","2014-03-30T00:39:44Z","World","732","AP","http://www.nytimes.com/aponline/2014/03/30/world/asia/ap-as-malaysia-plane-families.html"
""UNKNOWN AUTHOR","2014-03-30T00:43:57Z","World","660","AP","http://www.nytimes.com/aponline/2014/03/30/world/asia/ap-as-malaysia-plane.html"
""UNKNOWN AUTHOR","2014-03-30T05:26:06Z","World","1224","AP","http://www.nytimes.com/aponline/2014/03/30/world/asia/ap-as-malaysia-plane-seafloor.html"
""SEMPLE","2014-03-31T00:00:00Z","World","630","The New York Times","http://www.nytimes.com/2014/03/31/world/asia/malaysia-airlines-flight-370.html"
""UNKNOWN AUTHOR","2014-03-31T00:30:34Z","World","869","AP","http://www.nytimes.com/aponline/2014/03/31/world/asia/ap-as-malaysia-plane.html"
""UNKNOWN AUTHOR","2014-03-31T03:19:15Z","World","632","AP","http://www.nytimes.com/aponline/2014/03/31/world/asia/ap-as-malaysia-plane-china.html"
""UNKNOWN AUTHOR","2014-03-31T06:49:08Z","World","873","AP","http://www.nytimes.com/aponline/2014/03/31/world/asia/ap-as-malaysia-plane-distracting-trash.html"
""UNKNOWN AUTHOR","2014-03-31T15:05:19Z","U.S.","373","AP","http://www.nytimes.com/aponline/2014/03/31/us/ap-us-malaysia-plane-lawsuit.html"
""SEMPLE","2014-04-01T00:00:00Z","World","877","The New York Times","http://www.nytimes.com/2014/04/01/world/asia/malaysia-airlines-flight-370-search.html"
""WALD","2014-04-01T00:00:00Z","U.S.","860","The New York Times","http://www.nytimes.com/2014/04/01/us/asiana-airlines-says-secondary-cause-of-san-francisco-crash-was-bad-software.html"
""KANNAPELL","2014-04-01T00:00:00Z","U.S.","633","The New York Times","http://www.nytimes.com/2014/04/01/us/your-evening-briefing.html"
""UNKNOWN AUTHOR","2014-04-01T00:31:02Z","World","130","AP","http://www.nytimes.com/aponline/2014/04/01/world/asia/ap-as-malaysia-plane.html"
""UNKNOWN AUTHOR","2014-04-01T06:12:36Z","World","421","AP","http://www.nytimes.com/aponline/2014/04/01/world/asia/ap-as-malaysia-plane-iata.html"
""UNKNOWN AUTHOR","2014-04-01T08:29:17Z","World","922","AP","http://www.nytimes.com/aponline/2014/04/01/world/asia/ap-as-malaysia-plane-credibility-gap.html"
""UNKNOWN AUTHOR","2014-04-01T11:08:59Z","U.S.","590","AP","http://www.nytimes.com/aponline/2014/04/01/us/ap-as-malaysia-plane-transcript.html"
""UNKNOWN AUTHOR","2014-04-01T13:11:50Z","U.S.","873","AP","http://www.nytimes.com/aponline/2014/04/01/us/ap-as-travel-malaysia-plane.html"
""UNKNOWN AUTHOR","2014-04-01T17:16:41Z","Business Day","1314","AP","http://www.nytimes.com/aponline/2014/04/01/business/ap-us-business-highlights.html"
""UNKNOWN AUTHOR","2014-04-01T22:26:15Z","World","513","Reuters","http://www.nytimes.com/reuters/2014/04/01/world/asia/01reuters-malaysia-airlines-usa.html"
""SEMPLE","2014-04-02T00:00:00Z","World","743","The New York Times","http://www.nytimes.com/2014/04/02/world/asia/malaysia-airlines-flight-370.html"
""WONG","2014-04-02T00:00:00Z","World","1243","The New York Times","http://www.nytimes.com/2014/04/02/world/asia/malaysia-airlines-flight-370-compensation.html"
""UNKNOWN AUTHOR","2014-04-02T00:00:23Z","World","764","AP","http://www.nytimes.com/aponline/2014/04/02/world/asia/ap-as-malaysia-plane.html"
""UNKNOWN AUTHOR","2014-04-02T03:42:33Z","U.S.","1133","AP","http://www.nytimes.com/aponline/2014/04/02/us/ap-as-malaysia-plane-robot-subs.html"
""UNKNOWN AUTHOR","2014-04-03T01:20:11Z","World","1037","AP","http://www.nytimes.com/aponline/2014/04/03/world/asia/ap-as-malaysia-plane.html"
""UNKNOWN AUTHOR","2014-04-03T04:54:58Z","World","837","AP","http://www.nytimes.com/aponline/2014/04/03/world/asia/ap-as-malaysia-plane-china-damage-control.html"
""QIN","2014-04-03T08:05:54Z","World","1398","The New York Times","http://sinosphere.blogs.nytimes.com/2014/04/03/chasing-the-money-for-air-crash-victims-families-in-beijing/"
""UNKNOWN AUTHOR","2014-04-03T09:51:19Z","World","1305","AP","http://www.nytimes.com/aponline/2014/04/03/world/asia/ap-as-malaysia-plane-lasting-mystery.html"
""SEMPLE","2014-04-04T00:00:00Z","World","912","The New York Times","http://www.nytimes.com/2014/04/04/world/asia/hunt-for-jets-black-box-is-a-race-against-time.html"
""SEMPLE","2014-04-04T00:00:00Z","World","578","The New York Times","http://www.nytimes.com/2014/04/04/world/asia/kidnapping-in-malaysian-borneo.html"
""UNKNOWN AUTHOR","2014-04-04T03:20:20Z","World","626","AP","http://www.nytimes.com/aponline/2014/04/04/world/asia/ap-as-malaysia-plane.html"
""UNKNOWN AUTHOR","2014-04-04T04:26:44Z","World","926","AP","http://www.nytimes.com/aponline/2014/04/04/world/asia/ap-as-malaysia-plane-chinas-tomb-day.html"
""UNKNOWN AUTHOR","2014-04-04T23:08:38Z","World","820","AP","http://www.nytimes.com/aponline/2014/04/04/world/asia/ap-as-malaysia-plane-search-flight-crew.html"
""SEMPLE","2014-04-05T00:00:00Z","World","540","The New York Times","http://www.nytimes.com/2014/04/05/world/asia/missing-malaysia-flight-370.html"
""WONG","2014-04-05T00:00:00Z","World","1307","The New York Times","http://www.nytimes.com/2014/04/05/world/asia/some-sustain-hope-for-missing-plane-others-prepare-for-grieving.html"
""UNKNOWN AUTHOR","2014-04-05T00:01:00Z","U.S.","681","AP","http://www.nytimes.com/aponline/2014/04/05/us/ap-10-things-to-know-the-week.html"
""UNKNOWN AUTHOR","2014-04-05T02:17:07Z","World","410","AP","http://www.nytimes.com/aponline/2014/04/05/world/asia/ap-as-malaysia-plane.html"
""SEMPLE","2014-04-06T00:00:00Z","World","990","The New York Times","http://www.nytimes.com/2014/04/06/world/asia/malaysia-airlines-plane.html"
""UNKNOWN AUTHOR","2014-04-06T03:31:17Z","World","1003","AP","http://www.nytimes.com/aponline/2014/04/06/world/asia/ap-as-malaysia-plane.html"
""SEMPLE","2014-04-07T00:00:00Z","World","849","The New York Times","http://www.nytimes.com/2014/04/07/world/asia/malaysia-airlines-flight-370.html"
""HASSAN","2014-04-07T00:00:00Z","U.S.","768","The New York Times","http://www.nytimes.com/2014/04/07/us/your-monday-briefing.html"
""UNKNOWN AUTHOR","2014-04-07T05:57:03Z","World","363","AP","http://www.nytimes.com/aponline/2014/04/07/world/asia/ap-as-malaysia-plane.html"
""BRADSHER","2014-04-08T00:00:00Z","World","1160","The New York Times","http://www.nytimes.com/2014/04/08/world/asia/missing-malaysia-flight-370.html"
""UNKNOWN AUTHOR","2014-04-08T00:26:08Z","World","670","AP","http://www.nytimes.com/aponline/2014/04/08/world/asia/ap-as-malaysia-plane.html"
""INNIS","2014-04-09T00:00:00Z","World","781","The New York Times","http://www.nytimes.com/2014/04/09/world/asia/malaysia-airlines-flight-370.html"
""SEMPLE","2014-04-09T00:00:00Z","World","1163","The New York Times","http://www.nytimes.com/2014/04/09/world/asia/search-for-malaysian-jet-to-be-costliest-in-history.html"
""UNKNOWN AUTHOR","2014-04-09T00:00:00Z","World","802","The New York Times","http://www.nytimes.com/2014/04/09/world/asia/red-herrings-and-overlooked-clues-in-plane-search.html"
""WALD","2014-04-09T00:00:00Z","World","998","The New York Times","http://www.nytimes.com/2014/04/09/world/asia/updated-q-and-a-on-malaysia-airlines-flight-370.html"
""HASSAN","2014-04-09T00:00:00Z","U.S.","890","The New York Times","http://www.nytimes.com/2014/04/09/us/your-wednesday-briefing.html"
""UNKNOWN AUTHOR","2014-04-09T04:51:30Z","World","678","AP","http://www.nytimes.com/aponline/2014/04/09/world/asia/ap-as-malaysia-plane-ground-crew.html"
""BROAD","2014-04-10T00:00:00Z","World","865","The New York Times","http://www.nytimes.com/2014/04/10/world/asia/after-optimism-of-more-pings-reality-of-long-jet-search-settles-in.html"
""CLARK","2014-04-10T00:00:00Z","Business Day","1370","The New York Times","http://www.nytimes.com/2014/04/10/business/international/flight-search-brings-satellite-company-unaccustomed-fame.html"
""UNKNOWN AUTHOR","2014-04-10T11:45:53Z","World","281","AP","http://www.nytimes.com/aponline/2014/04/10/world/europe/ap-eu-britain-malaysian-airlines.html"
""INNIS","2014-04-11T00:00:00Z","World","810","The New York Times","http://www.nytimes.com/2014/04/11/world/asia/malaysia-airlines-plane.html"
""MULLANY","2014-04-11T02:59:25Z","World","353","The New York Times","http://sinosphere.blogs.nytimes.com/2014/04/11/panda-transfer-falls-victim-to-fallout-over-missing-plane/"
""UNKNOWN AUTHOR","2014-04-12T00:00:00Z","U.S.","655","AP","http://www.nytimes.com/aponline/2014/04/12/us/ap-10-things-to-know-the-week.html"
""UNKNOWN AUTHOR","2014-04-12T01:50:33Z","World","1070","AP","http://www.nytimes.com/aponline/2014/04/12/world/asia/ap-as-malaysia-plane-fliers-moods.html"
""UNKNOWN AUTHOR","2014-04-13T03:39:04Z","World","559","AP","http://www.nytimes.com/aponline/2014/04/13/world/asia/ap-as-malaysia-plane.html"
""UNKNOWN AUTHOR","2014-04-14T01:13:40Z","Business Day","1084","Reuters","http://www.nytimes.com/reuters/2014/04/14/business/14reuters-airlines-wifi-analysis.html"
""UNKNOWN AUTHOR","2014-04-14T02:03:34Z","U.S.","698","AP","http://www.nytimes.com/aponline/2014/04/14/us/ap-as-malaysia-plane-red-herrings.html"
""SEMPLE","2014-04-15T00:00:00Z","World","1332","The New York Times","http://www.nytimes.com/2014/04/15/world/asia/malaysia-airlines-flight-370.html"
""SEMPLE","2014-04-15T00:00:00Z","World","910","The New York Times","http://www.nytimes.com/2014/04/15/world/asia/chinas-efforts-in-hunt-for-plane-are-seen-as-hurting-more-than-helping.html"
""BUCKLEY","2014-04-15T05:01:47Z","World","517","The New York Times","http://sinosphere.blogs.nytimes.com/2014/04/15/chinese-military-newspaper-likens-lost-jet-to-pearl-harbor/"
""SEMPLE","2014-04-16T00:00:00Z","World","597","The New York Times","http://www.nytimes.com/2014/04/16/world/asia/malaysia-airlines-flight-370.html"
""UNKNOWN AUTHOR","2014-04-16T06:49:27Z","World","667","AP","http://www.nytimes.com/aponline/2014/04/16/world/asia/ap-as-malaysia-plane.html"
""UNKNOWN AUTHOR","2014-04-16T18:20:25Z","World","464","AP","http://www.nytimes.com/aponline/2014/04/16/world/ap-cn-canada-malaysia-plane-simulator.html"
""UNKNOWN AUTHOR","2014-04-17T04:06:26Z","World","635","AP","http://www.nytimes.com/aponline/2014/04/17/world/asia/ap-as-malaysia-plane.html"
""UNKNOWN AUTHOR","2014-04-17T07:21:18Z","Arts","464","AP","http://www.nytimes.com/aponline/2014/04/17/arts/ap-cn-canada-malaysia-plane-simulator.html"
""UNKNOWN AUTHOR","2014-04-18T03:46:45Z","World","644","AP","http://www.nytimes.com/aponline/2014/04/18/world/asia/ap-as-malaysia-plane.html"
""UNKNOWN AUTHOR","2014-04-18T05:08:57Z","World","1168","AP","http://www.nytimes.com/aponline/2014/04/18/world/asia/ap-as-malaysia-plane-houston.html"
""UNKNOWN AUTHOR","2014-04-19T00:01:00Z","U.S.","648","AP","http://www.nytimes.com/aponline/2014/04/19/us/ap-10-things-to-know-the-week-1st-ld-writethru.html"
""UNKNOWN AUTHOR","2014-04-19T02:02:23Z","U.S.","663","AP","http://www.nytimes.com/aponline/2014/04/19/us/ap-as-malaysia-plane-questions-and-answers.html"
""UNKNOWN AUTHOR","2014-04-19T02:08:25Z","World","575","AP","http://www.nytimes.com/aponline/2014/04/19/world/asia/ap-as-malaysia-plane.html"
""UNKNOWN AUTHOR","2014-04-19T16:23:39Z","U.S.","377","AP","http://www.nytimes.com/aponline/2014/04/19/us/ap-us-fox-executive-fired.html"
""UNKNOWN AUTHOR","2014-04-20T05:01:04Z","World","593","Reuters","http://www.nytimes.com/reuters/2014/04/20/world/asia/20reuters-malaysia-airlines.html"
""UNKNOWN AUTHOR","2014-04-20T06:27:30Z","World","721","AP","http://www.nytimes.com/aponline/2014/04/20/world/asia/ap-as-malaysia-plane.html"
""FITZSIMMONS","2014-04-21T00:00:00Z","World","118","The New York Times","http://www.nytimes.com/2014/04/21/world/asia/malaysia-airlines-jet-makes-emergency-landing.html"
""UNKNOWN AUTHOR","2014-04-21T04:09:15Z","World","975","AP","http://www.nytimes.com/aponline/2014/04/21/world/asia/ap-as-malaysia-plane-us-obsession.html"
""INNIS","2014-04-23T00:00:00Z","World","436","The New York Times","http://www.nytimes.com/2014/04/23/world/asia/malaysia-airlines-flight-370.html"
""UNKNOWN AUTHOR","2014-04-23T05:04:13Z","World","686","AP","http://www.nytimes.com/aponline/2014/04/23/world/asia/ap-as-malaysia-plane.html"
""LANDLER","2014-04-24T00:00:00Z","World","942","The New York Times","http://www.nytimes.com/2014/04/24/world/asia/obama-asia.html"
""INNIS","2014-04-27T00:00:00Z","World","576","The New York Times","http://www.nytimes.com/2014/04/27/world/asia/australia-likely-to-widen-search-for-debris-from-plane.html"
""UNKNOWN AUTHOR","2014-04-28T00:09:54Z","World","725","AP","http://www.nytimes.com/aponline/2014/04/28/world/asia/ap-as-malaysia-plane.html"
""INNIS","2014-04-29T00:00:00Z","World","324","The New York Times","http://www.nytimes.com/2014/04/29/world/asia/malaysia-airlines-flight-370.html"
""ASHTON","2014-04-29T00:00:00Z","Opinion","829","The New York Times","http://www.nytimes.com/2014/04/29/opinion/finding-a-flash-drive-in-the-sea.html"
""UNKNOWN AUTHOR","2014-04-29T04:37:58Z","World","229","AP","http://www.nytimes.com/aponline/2014/04/29/world/asia/ap-as-australia-emergency-landing.html"
""UNKNOWN AUTHOR","2014-04-29T09:35:15Z","World","460","AP","http://www.nytimes.com/aponline/2014/04/29/world/asia/ap-as-malaysia-plane.html"
""UNKNOWN AUTHOR","2014-04-30T11:23:53Z","World","204","AP","http://www.nytimes.com/aponline/2014/04/30/world/asia/ap-as-malaysia-plane-investigation.html"
""UNKNOWN AUTHOR","2014-04-30T11:53:55Z","World","599","AP","http://www.nytimes.com/aponline/2014/04/30/world/asia/ap-as-malaysia-plane.html"
""UNKNOWN AUTHOR","2014-05-01T07:34:20Z","World","803","AP","http://www.nytimes.com/aponline/2014/05/01/world/asia/ap-as-malaysia-plane.html"
""BUCKLEY","2014-05-02T00:00:00Z","World","1110","The New York Times","http://www.nytimes.com/2014/05/02/world/asia/malaysia-calls-for-better-tracking-of-flights.html"
""UNKNOWN AUTHOR","2014-05-05T01:01:14Z","World","610","AP","http://www.nytimes.com/aponline/2014/05/05/world/asia/ap-as-malaysia-plane.html"
""INNIS","2014-05-06T00:00:00Z","World","466","The New York Times","http://www.nytimes.com/2014/05/06/world/asia/missing-malaysia-flight-370.html"
""CLARK","2014-05-07T00:00:00Z","Business Day","542","The New York Times","http://www.nytimes.com/2014/05/07/business/international/europe-seeks-tougher-rules-on-aircraft-recorders.html"
""UNKNOWN AUTHOR","2014-05-07T17:46:13Z","Opinion","150","The New York Times","http://takingnote.blogs.nytimes.com/2014/05/07/facts-figures-what-aliens-have-to-do-with-mh370/"
""WALD","2014-05-09T00:00:00Z","World","1270","The New York Times","http://www.nytimes.com/2014/05/09/world/un-agency-to-consider-ways-to-track-planes-over-oceans.html"
""UNKNOWN AUTHOR","2014-05-12T06:26:20Z","World","UNKNOWN WORD COUNT","AP","http://www.nytimes.com/aponline/2014/05/12/world/europe/ap-satellite-tracking.html"
""UNKNOWN AUTHOR","2014-05-13T05:52:00Z","World","UNKNOWN WORD COUNT","AP","http://www.nytimes.com/aponline/2014/05/13/world/asia/ap-as-australia-malaysia-plane.html"
""UNKNOWN AUTHOR","2014-05-13T06:48:56Z","World","UNKNOWN WORD COUNT","AP","http://www.nytimes.com/aponline/2014/05/13/world/asia/ap-as-malaysia-airasia-passport-checks.html"
""WALD","2014-05-14T00:00:00Z","World","659","The New York Times","http://www.nytimes.com/2014/05/14/world/groups-back-global-plan-for-tracking-commercial-flights.html"
""UNKNOWN AUTHOR","2014-05-14T05:20:10Z","World","UNKNOWN WORD COUNT","AP","http://www.nytimes.com/aponline/2014/05/14/world/asia/ap-as-malaysia-plane.html"
""UNKNOWN AUTHOR","2014-05-15T07:51:53Z","World","UNKNOWN WORD COUNT","AP","http://www.nytimes.com/aponline/2014/05/15/world/asia/ap-as-malaysia-plane.html"
""UNKNOWN AUTHOR","2014-05-16T00:00:00Z","Business Day","833","The New York Times","http://www.nytimes.com/2014/05/16/business/international/flights-disappearance-knocks-malaysia-airlines.html"
""UNKNOWN AUTHOR","2014-05-16T01:09:56Z","World","UNKNOWN WORD COUNT","AP","http://www.nytimes.com/aponline/2014/05/16/world/europe/ap-eu-france-cannes-watch-package.html"
""UNKNOWN AUTHOR","2014-05-16T09:48:52Z","Arts","UNKNOWN WORD COUNT","AP","http://www.nytimes.com/aponline/2014/05/16/arts/ap-eu-cannes-watch-malaysian-plane-movie.html"
""UNKNOWN AUTHOR","2014-05-19T00:33:41Z","World","UNKNOWN WORD COUNT","AP","http://www.nytimes.com/aponline/2014/05/19/world/asia/ap-as-malaysia-plane.html"
""BRADSHER","2014-05-20T00:00:00Z","World","372","The New York Times","http://www.nytimes.com/2014/05/20/world/asia/chinese-vessel-will-search-ocean-floor-for-missing-jet-malaysia-says.html"
""UNKNOWN AUTHOR","2014-05-20T00:14:55Z","World","UNKNOWN WORD COUNT","AP","http://www.nytimes.com/aponline/2014/05/20/world/asia/ap-as-malaysia-plane.html"
""CLARK","2014-05-21T00:00:00Z","World","844","The New York Times","http://www.nytimes.com/2014/05/21/world/asia/malaysia-airlines-flight-370.html"
""UNKNOWN AUTHOR","2014-05-21T00:47:41Z","World","UNKNOWN WORD COUNT","AP","http://www.nytimes.com/aponline/2014/05/21/world/asia/ap-as-malaysia-china-pandas.html"
""INNIS","2014-05-23T00:00:00Z","World","594","The New York Times","http://www.nytimes.com/2014/05/23/world/asia/search-for-missing-malaysia-airlines-plane-resumes.html"
""BURGESS","2014-05-27T00:00:00Z","U.S.","856","The New York Times","http://www.nytimes.com/2014/05/27/us/your-tuesday-briefing.html"
""UNKNOWN AUTHOR","2014-05-27T00:35:50Z","World","1190","AP","http://www.nytimes.com/aponline/2014/05/27/world/asia/ap-as-malaysia-missing-jet.html"
""BRADSHER","2014-05-28T00:00:00Z","World","540","The New York Times","http://www.nytimes.com/2014/05/28/world/asia/malaysia-airlines-flight-370.html"
""UNKNOWN AUTHOR","2014-05-28T21:07:24Z","World","590","AP","http://www.nytimes.com/aponline/2014/05/28/world/asia/ap-as-malaysia-missing-plane.html"
""UNKNOWN AUTHOR","2014-05-29T01:47:40Z","World","736","AP","http://www.nytimes.com/aponline/2014/05/29/world/asia/ap-as-malaysia-plane.html"
""UNKNOWN AUTHOR","2014-05-29T03:29:22Z","World","771","AP","http://www.nytimes.com/aponline/2014/05/29/world/asia/ap-as-malaysia-plane-qa.html"
""UNKNOWN AUTHOR","2014-05-29T03:36:56Z","World","344","AP","http://www.nytimes.com/aponline/2014/05/29/world/asia/ap-as-malaysia-plane-union.html"
""FORSYTHE","2014-05-30T00:00:00Z","World","684","The New York Times","http://www.nytimes.com/2014/05/30/world/asia/malaysia-flight-370-search.html"
""UNKNOWN AUTHOR","2014-05-30T04:18:14Z","World","786","AP","http://www.nytimes.com/aponline/2014/05/30/world/asia/ap-as-malaysia-plane-searcher.html"
""UNKNOWN AUTHOR","2014-05-30T11:35:45Z","World","610","AP","http://www.nytimes.com/aponline/2014/05/30/world/asia/ap-as-malaysia-plane-relatives.html"
""UNKNOWN AUTHOR","2014-06-02T04:41:55Z","World","442","AP","http://www.nytimes.com/aponline/2014/06/02/world/middleeast/ap-ml-qatar-iata-conference.html"
""BRADSHER","2014-06-03T00:00:00Z","World","903","The New York Times","http://www.nytimes.com/2014/06/03/world/asia/malaysia-airlines-flight-370-indian-ocean-recorded-noise-offers-clues-to-missing-plane.html"
""UNKNOWN AUTHOR","2014-06-03T23:47:12Z","World","614","AP","http://www.nytimes.com/aponline/2014/06/03/world/asia/ap-as-malaysia-plane.html"
""UNKNOWN AUTHOR","2014-06-04T05:57:50Z","U.S.","334","AP","http://www.nytimes.com/aponline/2014/06/04/us/ap-bc-10-things-to-know-today.html"
""UNKNOWN AUTHOR","2014-06-09T20:07:54Z","World","371","AP","http://www.nytimes.com/aponline/2014/06/09/world/asia/ap-as-malaysia-plane.html"
"